case_id,slide_id,label,process,status,seg_level,sthresh,mthresh,close,use_otsu,keep_ids,exclude_ids,ref_patch_size,a_t,a_h,max_n_holes,vis_level,line_thickness,use_padding,contour_fn,satThresh,brightnessThresh,rgbThresh,bag_size,Pred_0,p_0,Pred_1,p_1
C28290,C28290___7316-85___Ki-67,HGG,1.0,tbp,-1.0,1.0,7.0,4.0,True,none,none,256.0,1.0,2000.0,1000000.0,-1.0,100.0,True,four_pt,15.0,200.0,80.0,21392.0,HGG,0.999902606010437,LGG,9.733346087159589e-05
C88806,C88806___7316-1769___Ki-67,HGG,1.0,tbp,-1.0,1.0,7.0,4.0,True,none,none,256.0,1.0,2000.0,1000000.0,-1.0,100.0,True,four_pt,15.0,200.0,80.0,4731.0,HGG,0.9994791150093079,LGG,0.0005209379596635699
C916473,C916473___7316-3575___Ki-67,LGG,1.0,tbp,-1.0,1.0,7.0,4.0,True,none,none,256.0,1.0,2000.0,1000000.0,-1.0,100.0,True,four_pt,15.0,200.0,80.0,4646.0,LGG,0.995263934135437,HGG,0.004736092872917652
C55104,C55104___7316-239___Ki-67,HGG,1.0,tbp,-1.0,1.0,7.0,4.0,True,none,none,256.0,1.0,2000.0,1000000.0,-1.0,100.0,True,four_pt,15.0,200.0,80.0,16949.0,HGG,0.999796450138092,LGG,0.00020362221403047442
